connector_id,connector_x,connector_y,connector_z,confidence,creation_time,edition_time,tags,type,creator,editor,skeleton_id,neuron_id,name,post_x,post_y,post_z,node_id,annotations,cube,other_annotations,user,user_id,project_id,transaction_id,execution_time,label
2109930,45816.0,30632.0,64160.0,5,2025-02-20 14:13:46.706904,2025-02-20 14:13:46.706904,,Postsynaptic,shiyan,shiyan,606348,606348,neuron 606349,45688.0,30680.0,64360.0,0,"['cube3: pushed fp synapses', 'pushed false positives synapses', 'pre correct', 'wrong set']",cube3,"['pre correct', 'wrong set']",mrobbins,39,18,2502857,2025-03-06 17:07:02.298032+00:00,annotations.add
2109931,45832.0,30608.0,64136.0,5,2025-02-20 14:13:46.801449,2025-02-20 14:13:46.801449,,Postsynaptic,shiyan,shiyan,606352,606352,neuron 606353,45792.0,30744.0,64320.0,0,"['cube3: pushed fp synapses', 'pushed false positives synapses', 'pre correct', 'wrong set']",cube3,"['pre correct', 'wrong set']",mrobbins,39,18,2502850,2025-03-06 17:06:25.777110+00:00,annotations.add
2109934,45856.0,30400.0,64680.0,5,2025-02-20 14:13:47.077405,2025-02-20 14:13:47.077405,,Postsynaptic,shiyan,shiyan,606364,606364,neuron 606365,45936.0,30376.0,64648.0,0,"['cube3: pushed fp synapses', 'pushed false positives synapses', 'pre correct', 'uncertain']",cube3,"['pre correct', 'uncertain']",mrobbins,39,18,2502824,2025-03-06 17:04:11.210055+00:00,annotations.add
2109935,45848.0,30424.0,64688.0,5,2025-02-20 14:13:47.170792,2025-02-20 14:13:47.170792,,Postsynaptic,shiyan,shiyan,606368,606368,neuron 606369,45968.0,30448.0,64656.0,0,"['cube3: pushed fp synapses', 'pushed false positives synapses', 'distanced set', 'uncertain']",cube3,"['distanced set', 'uncertain']",mrobbins,39,18,2502778,2025-03-06 17:02:49.551908+00:00,annotations.add
2109936,47416.0,26144.0,65208.0,5,2025-02-20 14:13:47.266040,2025-02-20 14:13:47.266040,,Postsynaptic,shiyan,shiyan,606372,606372,neuron 606373,47320.0,26240.0,65176.0,0,"['cube3: pushed fp synapses', 'pushed false positives synapses', 'pre correct', 'wrong set']",cube3,"['pre correct', 'wrong set']",mrobbins,39,18,2502716,2025-03-06 17:01:09.552364+00:00,annotations.add
2109937,49616.0,28168.0,64888.0,5,2025-02-20 14:13:47.359377,2025-02-20 14:13:47.359377,,Postsynaptic,shiyan,shiyan,606376,606376,neuron 606377,49520.0,28192.0,64896.0,0,"['cube3: pushed fp synapses', 'pushed false positives synapses', 'pre correct', 'uncertain']",cube3,"['pre correct', 'uncertain']",mrobbins,39,18,2502699,2025-03-06 17:00:34.078417+00:00,annotations.add
2109938,46112.0,29656.0,65120.0,5,2025-02-20 14:13:47.456758,2025-02-20 14:13:47.456758,,Postsynaptic,shiyan,shiyan,606380,606380,neuron 606381,46008.0,29640.0,65080.0,0,"['cube3: pushed fp synapses', 'pushed false positives synapses', 'pre correct', 'distanced set']",cube3,"['pre correct', 'distanced set']",mrobbins,39,18,2502661,2025-03-06 16:58:57.692288+00:00,annotations.add
2109939,45176.0,30288.0,65048.0,5,2025-02-20 14:13:47.551456,2025-02-20 14:13:47.551456,,Postsynaptic,shiyan,shiyan,606384,606384,neuron 606385,45408.0,30328.0,65032.0,0,"['cube3: pushed fp synapses', 'pushed false positives synapses', 'pre correct', 'wrong set']",cube3,"['pre correct', 'wrong set']",mrobbins,39,18,2502646,2025-03-06 16:58:28.140554+00:00,annotations.add
2109940,45104.0,30240.0,65056.0,5,2025-02-20 14:13:47.645251,2025-02-20 14:13:47.645251,,Postsynaptic,shiyan,shiyan,606388,606388,neuron 606389,45072.0,30112.0,65024.0,0,"['cube3: pushed fp synapses', 'pushed false positives synapses', 'pre correct', 'distanced set']",cube3,"['pre correct', 'distanced set']",mrobbins,39,18,2502473,2025-03-06 16:48:05.955085+00:00,annotations.add
2109941,45112.0,30248.0,65048.0,5,2025-02-20 14:13:47.741904,2025-02-20 14:13:47.741904,,Postsynaptic,shiyan,shiyan,606392,606392,neuron 606393,45240.0,30152.0,65040.0,0,"['cube3: pushed fp synapses', 'pushed false positives synapses', 'pre correct', 'wrong set']",cube3,"['pre correct', 'wrong set']",mrobbins,39,18,2502463,2025-03-06 16:47:51.811777+00:00,annotations.add
2109942,45096.0,30264.0,65096.0,5,2025-02-20 14:13:47.838947,2025-02-20 14:13:47.838947,,Postsynaptic,shiyan,shiyan,606396,606396,neuron 606397,45144.0,30224.0,65176.0,0,"['cube3: pushed fp synapses', 'pushed false positives synapses', 'pre correct', 'distanced set']",cube3,"['pre correct', 'distanced set']",mrobbins,39,18,2502458,2025-03-06 16:47:34.340435+00:00,annotations.add
2109943,45792.0,30488.0,64936.0,5,2025-02-20 14:13:47.935716,2025-02-20 14:13:47.935716,,Postsynaptic,shiyan,shiyan,606400,606400,neuron 606401,45872.0,30528.0,65056.0,0,"['cube3: pushed fp synapses', 'pushed false positives synapses', 'pre correct', 'wrong set']",cube3,"['pre correct', 'wrong set']",mrobbins,39,18,2502451,2025-03-06 16:46:53.133658+00:00,annotations.add
2109944,45787.805,30505.672,64952.0,5,2025-02-20 14:13:48.027496,2025-02-24 13:56:35.613230,,Postsynaptic,shiyan,shiyan,606404,606404,neuron 606405,45792.0,30632.0,65096.0,0,"['cube3: pushed fp synapses', 'pushed false positives synapses', 'pre correct', 'wrong set']",cube3,"['pre correct', 'wrong set']",mrobbins,39,18,2502447,2025-03-06 16:46:34.188705+00:00,annotations.add
2109945,45792.0,30488.0,64968.0,5,2025-02-20 14:13:48.118786,2025-02-20 14:13:48.118786,,Postsynaptic,shiyan,shiyan,606408,606408,neuron 606409,45760.0,30480.0,65120.0,0,"['cube3: pushed fp synapses', 'pushed false positives synapses', 'wrong set', 'distanced set']",cube3,"['wrong set', 'distanced set']",mrobbins,39,18,2502427,2025-03-06 16:45:54.618503+00:00,annotations.add
2109946,45184.0,30296.0,65048.0,5,2025-02-20 14:13:48.216822,2025-02-20 14:13:48.216822,,Postsynaptic,shiyan,shiyan,606412,606412,neuron 606413,45416.0,30352.0,65040.0,0,"['cube3: pushed fp synapses', 'pushed false positives synapses', 'pre correct', 'uncertain']",cube3,"['pre correct', 'uncertain']",mrobbins,39,18,2502436,2025-03-06 16:46:09.373265+00:00,annotations.add
2109947,45784.0,30496.0,64944.0,5,2025-02-20 14:13:48.316531,2025-02-20 14:13:48.316531,,Postsynaptic,shiyan,shiyan,606416,606416,neuron 606417,45792.0,30640.0,65080.0,0,"['cube3: pushed fp synapses', 'pushed false positives synapses', 'pre correct', 'uncertain']",cube3,"['pre correct', 'uncertain']",mrobbins,39,18,2502318,2025-03-06 16:41:27.477313+00:00,annotations.add
2109949,47440.0,26104.0,65208.0,5,2025-02-20 14:13:48.508052,2025-02-20 14:13:48.508052,,Postsynaptic,shiyan,shiyan,606424,606424,neuron 606425,47384.0,26144.0,65248.0,0,"['cube3: pushed fp synapses', 'pushed false positives synapses', 'distanced set', 'uncertain']",cube3,"['distanced set', 'uncertain']",mrobbins,39,18,2502261,2025-03-06 16:38:18.985573+00:00,annotations.add
2109952,45072.0,30280.0,65152.0,5,2025-02-20 14:13:48.791189,2025-02-20 14:13:48.791189,,Postsynaptic,shiyan,shiyan,606436,606436,neuron 606437,45048.0,30288.0,65232.0,0,"['cube3: pushed fp synapses', 'pushed false positives synapses', 'pre correct', 'distanced set']",cube3,"['pre correct', 'distanced set']",mrobbins,39,18,2502189,2025-03-06 16:35:29.352229+00:00,annotations.add
2119158,104768.0,50448.0,31984.0,5,2025-02-26 13:04:09.017325,2025-02-26 13:04:09.017325,,Postsynaptic,shiyan,shiyan,608126,608126,neuron 608127,104960.0,50440.0,31952.0,0,"['cube2: pushed fp synapses', 'pushed false positives synapses', 'distanced set', 'sh: distanced set']",cube2,"['distanced set', 'sh: distanced set']",sharris,47,18,2502998,2025-03-06 17:23:45.224613+00:00,annotations.add
2119159,104512.0,50312.0,32016.0,5,2025-02-26 13:04:09.108137,2025-02-26 13:04:09.108137,,Postsynaptic,shiyan,shiyan,608131,608131,neuron 608132,104488.0,50216.0,32000.0,0,"['cube2: pushed fp synapses', 'pushed false positives synapses', 'pre correct', 'sh: distanced set']",cube2,"['pre correct', 'sh: distanced set']",sharris,47,18,2503201,2025-03-06 17:31:04.657863+00:00,annotations.add
2119160,104720.0,50232.0,32064.0,5,2025-02-26 13:04:09.205253,2025-02-26 13:04:09.205253,,Postsynaptic,shiyan,shiyan,608135,608135,neuron 608136,104760.0,50256.0,32032.0,0,"['cube2: pushed fp synapses', 'pushed false positives synapses', 'wrong set', 'sh: wrong set']",cube2,"['wrong set', 'sh: wrong set']",sharris,47,18,2503327,2025-03-06 17:36:26.561508+00:00,annotations.add
2119161,104680.0,50120.0,32080.0,5,2025-02-26 13:04:09.298161,2025-02-26 13:04:09.298161,,Postsynaptic,shiyan,shiyan,608139,608139,neuron 608140,104640.0,50184.0,32104.0,0,"['cube2: pushed fp synapses', 'pushed false positives synapses', 'distanced set', 'sh: uncertain']",cube2,"['distanced set', 'sh: uncertain']",sharris,47,18,2503398,2025-03-06 17:40:36.135510+00:00,annotations.add
2119162,104728.0,50208.0,32056.0,5,2025-02-26 13:04:09.394209,2025-02-26 13:04:09.394209,,Postsynaptic,shiyan,shiyan,608143,608143,neuron 608144,104832.0,50248.0,32096.0,0,"['cube2: pushed fp synapses', 'pushed false positives synapses', 'wrong set', 'sh: wrong set']",cube2,"['wrong set', 'sh: wrong set']",sharris,47,18,2503423,2025-03-06 17:43:23.080454+00:00,annotations.add
2119163,104728.0,50256.0,32584.0,5,2025-02-26 13:04:09.494049,2025-02-26 13:04:09.494049,,Postsynaptic,shiyan,shiyan,608147,608147,neuron 608148,104600.0,50192.0,32584.0,0,"['cube2: pushed fp synapses', 'pushed false positives synapses', 'distanced set', 'sh: distanced set']",cube2,"['distanced set', 'sh: distanced set']",sharris,47,18,2503463,2025-03-06 17:45:40.246761+00:00,annotations.add
2119164,104736.0,50232.0,32592.0,5,2025-02-26 13:04:09.594165,2025-02-26 13:04:09.594165,,Postsynaptic,shiyan,shiyan,608151,608151,neuron 608152,104632.0,50128.0,32496.0,0,"['cube2: pushed fp synapses', 'pushed false positives synapses', 'distanced set', 'sh: wrong set']",cube2,"['distanced set', 'sh: wrong set']",sharris,47,18,2503534,2025-03-06 17:50:35.527960+00:00,annotations.add
2119165,104720.0,50320.0,32616.0,5,2025-02-26 13:04:09.679781,2025-02-26 13:04:09.679781,,Postsynaptic,shiyan,shiyan,608155,608155,neuron 608156,104592.0,50336.0,32560.0,0,"['cube2: pushed fp synapses', 'pushed false positives synapses', 'pre correct', 'sh: pre correct']",cube2,"['pre correct', 'sh: pre correct']",sharris,47,18,2503579,2025-03-06 17:52:17.786633+00:00,annotations.add
2119166,104504.0,50312.0,32024.0,5,2025-02-26 13:04:09.774969,2025-02-26 13:04:09.774969,,Postsynaptic,shiyan,shiyan,608159,608159,neuron 608160,104424.0,50256.0,31952.0,0,"['cube2: pushed fp synapses', 'pushed false positives synapses', 'pre correct', 'sh: distanced set']",cube2,"['pre correct', 'sh: distanced set']",sharris,47,18,2503619,2025-03-06 17:53:51.989898+00:00,annotations.add
2119167,104504.0,50296.0,32008.0,5,2025-02-26 13:04:09.868367,2025-02-26 13:04:09.868367,,Postsynaptic,shiyan,shiyan,608163,608163,neuron 608164,104408.0,50256.0,32048.0,0,"['cube2: pushed fp synapses', 'pushed false positives synapses', 'pre correct', 'sh: wrong set']",cube2,"['pre correct', 'sh: wrong set']",sharris,47,18,2503731,2025-03-06 17:58:20.606097+00:00,annotations.add
2119168,104040.0,50024.0,32408.0,5,2025-02-26 13:04:09.959314,2025-02-26 13:04:09.959314,,Postsynaptic,shiyan,shiyan,608171,608171,neuron 608172,104168.0,50216.0,32232.0,0,"['cube2: pushed fp synapses', 'pushed false positives synapses', 'distanced set', 'sh: wrong set']",cube2,"['distanced set', 'sh: wrong set']",sharris,47,18,2503750,2025-03-06 18:01:30.704089+00:00,annotations.add
2119169,104056.0,50032.0,32432.0,5,2025-02-26 13:04:10.049676,2025-02-26 13:04:10.049676,,Postsynaptic,shiyan,shiyan,608176,608176,neuron 608177,103952.0,50176.0,32440.0,0,"['cube2: pushed fp synapses', 'pushed false positives synapses', 'distanced set', 'sh: wrong set']",cube2,"['distanced set', 'sh: wrong set']",sharris,47,18,2503850,2025-03-06 18:34:44.162543+00:00,annotations.add
2119170,104240.0,50448.0,32656.0,5,2025-02-26 13:04:10.141079,2025-02-26 13:04:10.141079,,Postsynaptic,shiyan,shiyan,608180,608180,neuron 608181,104216.0,50480.0,32512.0,0,"['cube2: pushed fp synapses', 'pushed false positives synapses', 'distanced set', 'sh: wrong set']",cube2,"['distanced set', 'sh: wrong set']",sharris,47,18,2503910,2025-03-06 18:40:07.005861+00:00,annotations.add
2119171,104240.0,50448.0,32640.0,5,2025-02-26 13:04:10.233526,2025-02-26 13:04:10.233526,,Postsynaptic,shiyan,shiyan,608184,608184,neuron 608185,104272.0,50416.0,32592.0,0,"['cube2: pushed fp synapses', 'pushed false positives synapses', 'distanced set', 'sh: distanced set']",cube2,"['distanced set', 'sh: distanced set']",sharris,47,18,2503958,2025-03-06 18:43:48.665502+00:00,annotations.add
2119172,100896.0,50504.0,32408.0,5,2025-02-26 13:04:10.324571,2025-02-26 13:04:10.324571,,Postsynaptic,shiyan,shiyan,608188,608188,neuron 608189,100904.0,50640.0,32320.0,0,"['cube2: pushed fp synapses', 'pushed false positives synapses', 'distanced set', 'sh: distanced set']",cube2,"['distanced set', 'sh: distanced set']",sharris,47,18,2503989,2025-03-06 18:47:02.322255+00:00,annotations.add
2119173,100888.0,50512.0,32416.0,5,2025-02-26 13:04:10.415974,2025-02-26 13:04:10.415974,,Postsynaptic,shiyan,shiyan,608192,608192,neuron 608193,100800.0,50504.0,32328.0,0,"['cube2: pushed fp synapses', 'pushed false positives synapses', 'pre correct', 'sh: pre correct']",cube2,"['pre correct', 'sh: pre correct']",sharris,47,18,2503997,2025-03-06 18:48:02.985379+00:00,annotations.add
2119174,104616.0,51536.0,32608.0,5,2025-02-26 13:04:10.511202,2025-02-26 13:04:10.511202,,Postsynaptic,shiyan,shiyan,608196,608196,neuron 608197,104856.0,51472.0,32592.0,0,"['cube2: pushed fp synapses', 'pushed false positives synapses', 'pre correct', 'sh: pre correct']",cube2,"['pre correct', 'sh: pre correct']",sharris,47,18,2504011,2025-03-06 18:49:55.166715+00:00,annotations.add
2119175,100560.0,51240.0,32192.0,5,2025-02-26 13:04:10.605253,2025-02-26 13:04:10.605253,,Postsynaptic,shiyan,shiyan,608200,608200,neuron 608201,100656.0,51176.0,32280.0,0,"['cube2: pushed fp synapses', 'pushed false positives synapses', 'distanced set', 'sh: uncertain']",cube2,"['distanced set', 'sh: uncertain']",sharris,47,18,2504016,2025-03-06 18:51:26.174623+00:00,annotations.add
2119176,104552.0,52032.0,32432.0,5,2025-02-26 13:04:10.695516,2025-02-26 13:04:10.695516,,Postsynaptic,shiyan,shiyan,608204,608204,neuron 608205,104672.0,52280.0,32424.0,0,"['cube2: pushed fp synapses', 'pushed false positives synapses', 'uncertain', 'sh: distanced set']",cube2,"['uncertain', 'sh: distanced set']",sharris,47,18,2504025,2025-03-06 18:52:55.846911+00:00,annotations.add
2119177,104792.0,51920.0,32592.0,5,2025-02-26 13:04:10.783458,2025-02-26 13:04:10.783458,,Postsynaptic,shiyan,shiyan,608208,608208,neuron 608209,104752.0,52136.0,32568.0,0,"['cube2: pushed fp synapses', 'pushed false positives synapses', 'pre correct', 'sh: pre correct']",cube2,"['pre correct', 'sh: pre correct']",sharris,47,18,2504027,2025-03-06 18:55:01.792315+00:00,annotations.add
2119178,104808.0,51872.0,32608.0,5,2025-02-26 13:04:10.872214,2025-02-26 13:04:10.872214,,Postsynaptic,shiyan,shiyan,608212,608212,neuron 608213,104872.0,52096.0,32592.0,0,"['cube2: pushed fp synapses', 'pushed false positives synapses', 'distanced set', 'sh: distanced set']",cube2,"['distanced set', 'sh: distanced set']",sharris,47,18,2504032,2025-03-06 18:56:27.566858+00:00,annotations.add
2119179,101736.0,52232.0,32320.0,5,2025-02-26 13:04:10.965462,2025-02-26 13:04:10.965462,,Postsynaptic,shiyan,shiyan,608216,608216,neuron 608217,101712.0,52336.0,32368.0,0,"['cube2: pushed fp synapses', 'pushed false positives synapses', 'pre correct', 'sh: distanced set']",cube2,"['pre correct', 'sh: distanced set']",sharris,47,18,2504037,2025-03-06 18:57:31.304518+00:00,annotations.add
2119180,101080.0,51936.0,32680.0,5,2025-02-26 13:04:11.060450,2025-02-26 13:04:11.060450,,Postsynaptic,shiyan,shiyan,608220,608220,neuron 608221,101160.0,52048.0,32576.0,0,"['cube2: pushed fp synapses', 'pushed false positives synapses', 'pre correct', 'sh: pre correct']",cube2,"['pre correct', 'sh: pre correct']",sharris,47,18,2504044,2025-03-06 19:00:43.198871+00:00,annotations.add
2119181,101080.0,51992.0,32672.0,5,2025-02-26 13:04:11.153190,2025-02-26 13:04:11.153190,,Postsynaptic,shiyan,shiyan,608224,608224,neuron 608225,101184.0,51920.0,32592.0,0,"['cube2: pushed fp synapses', 'pushed false positives synapses', 'pre correct', 'sh: pre correct']",cube2,"['pre correct', 'sh: pre correct']",sharris,47,18,2504046,2025-03-06 19:02:36.798001+00:00,annotations.add
2119182,101080.0,51928.0,32656.0,5,2025-02-26 13:04:11.243194,2025-02-26 13:04:11.243194,,Postsynaptic,shiyan,shiyan,608228,608228,neuron 608229,101040.0,52128.0,32576.0,0,"['cube2: pushed fp synapses', 'pushed false positives synapses', 'pre correct', 'sh: pre correct']",cube2,"['pre correct', 'sh: pre correct']",sharris,47,18,2504048,2025-03-06 19:04:12.100705+00:00,annotations.add
2119183,104472.0,52760.0,31992.0,5,2025-02-26 13:04:11.338583,2025-02-26 13:04:11.338583,,Postsynaptic,shiyan,shiyan,608232,608232,neuron 608233,104480.0,52576.0,32016.0,0,"['cube2: pushed fp synapses', 'pushed false positives synapses', 'pre correct', 'sh: pre correct']",cube2,"['pre correct', 'sh: pre correct']",sharris,47,18,2504050,2025-03-06 19:05:27.749166+00:00,annotations.add
2119184,102128.0,52704.0,32248.0,5,2025-02-26 13:04:11.432444,2025-02-26 13:04:11.432444,,Postsynaptic,shiyan,shiyan,608240,608240,neuron 608241,102064.0,52872.0,32280.0,0,"['cube2: pushed fp synapses', 'pushed false positives synapses', 'distanced set', 'sh: uncertain']",cube2,"['distanced set', 'sh: uncertain']",sharris,47,18,2504052,2025-03-06 19:07:56.060628+00:00,annotations.add
2119185,102136.0,52705.49,32258.166,5,2025-02-26 13:04:11.517527,2025-03-03 11:50:40.065911,,Postsynaptic,shiyan,shiyan,608244,608244,neuron 608246,102224.0,52888.0,32264.0,0,"['cube2: pushed fp synapses', 'pushed false positives synapses', 'distanced set', 'sh: distanced set']",cube2,"['distanced set', 'sh: distanced set']",sharris,47,18,2504054,2025-03-06 19:10:09.244155+00:00,annotations.add
2119186,104624.0,54176.0,32072.0,5,2025-02-26 13:04:11.613346,2025-02-26 13:04:11.613346,,Postsynaptic,shiyan,shiyan,608249,608249,neuron 608250,104664.0,53920.0,32096.0,0,"['cube2: pushed fp synapses', 'pushed false positives synapses', 'pre correct', 'sh: pre correct']",cube2,"['pre correct', 'sh: pre correct']",sharris,47,18,2504056,2025-03-06 19:15:08.061896+00:00,annotations.add
2119709,68560.0,47440.0,37968.0,5,2025-02-26 13:42:48.273441,2025-02-26 13:42:48.273441,,Postsynaptic,shiyan,shiyan,611501,611501,neuron 611502,68616.0,47344.0,38008.0,0,"['pushed false positives synapses', 'pre correct', 'cube1: pushed fp synapses']",cube1,['pre correct'],mclayton,23,18,2502461,2025-03-06 16:47:45.358308+00:00,annotations.add
2119710,69088.0,47336.0,38048.0,5,2025-02-26 13:42:48.382565,2025-02-26 13:42:48.382565,,Postsynaptic,shiyan,shiyan,611505,611505,neuron 611506,69088.0,47448.0,38048.0,0,"['pushed false positives synapses', 'pre correct', 'cube1: pushed fp synapses']",cube1,['pre correct'],mclayton,23,18,2502483,2025-03-06 16:48:57.720827+00:00,annotations.add
2119710,69088.0,47336.0,38048.0,5,2025-02-26 13:42:48.382565,2025-02-26 13:42:48.382565,,Postsynaptic,shiyan,shiyan,611505,611505,neuron 611506,69088.0,47448.0,38048.0,0,"['pushed false positives synapses', 'pre correct', 'cube1: pushed fp synapses']",cube1,['pre correct'],mclayton,23,18,2502305,2025-03-06 16:40:45.982455+00:00,annotations.add
2119711,68544.0,47336.0,37904.0,5,2025-02-26 13:42:48.476945,2025-02-26 13:42:48.476945,,Postsynaptic,shiyan,shiyan,611509,611509,neuron 611510,68456.0,47440.0,37912.0,0,"['pushed false positives synapses', 'distanced set', 'cube1: pushed fp synapses']",cube1,['distanced set'],mclayton,23,18,2502489,2025-03-06 16:49:16.883247+00:00,annotations.add
2119711,68544.0,47336.0,37904.0,5,2025-02-26 13:42:48.476945,2025-02-26 13:42:48.476945,,Postsynaptic,shiyan,shiyan,611509,611509,neuron 611510,68456.0,47440.0,37912.0,0,"['pushed false positives synapses', 'distanced set', 'cube1: pushed fp synapses']",cube1,['distanced set'],adulac,18,18,2502353,2025-03-06 16:42:47.417239+00:00,annotations.add
2119712,66552.0,47376.0,38176.0,5,2025-02-26 13:42:48.567314,2025-02-26 13:42:48.567314,,Postsynaptic,shiyan,shiyan,611513,611513,neuron 611514,66536.0,47536.0,38232.0,0,"['pushed false positives synapses', 'distanced set', 'cube1: pushed fp synapses']",cube1,['distanced set'],adulac,18,18,2502565,2025-03-06 16:52:23.504700+00:00,annotations.add
2119713,69768.0,48280.0,37920.0,5,2025-02-26 13:42:48.663740,2025-02-26 13:42:48.663740,,Postsynaptic,shiyan,shiyan,611517,611517,neuron 611518,69632.0,48080.0,37920.0,0,"['pushed false positives synapses', 'cube1: pushed fp synapses', 'uncertain']",cube1,['uncertain'],adulac,18,18,2502596,2025-03-06 16:56:20.213803+00:00,annotations.add
2119714,69784.0,48248.0,37872.0,5,2025-02-26 13:42:48.759057,2025-02-26 13:42:48.759057,,Postsynaptic,shiyan,shiyan,611521,611521,neuron 611522,69696.0,48144.0,37992.0,0,"['pushed false positives synapses', 'distanced set', 'cube1: pushed fp synapses']",cube1,['distanced set'],adulac,18,18,2502714,2025-03-06 17:01:06.865317+00:00,annotations.add
2119715,69776.0,48232.0,37848.0,5,2025-02-26 13:42:48.856932,2025-02-26 13:42:48.856932,,Postsynaptic,shiyan,shiyan,611525,611525,neuron 611526,69784.0,48200.0,38080.0,0,"['pushed false positives synapses', 'distanced set', 'cube1: pushed fp synapses']",cube1,['distanced set'],mclayton,23,18,2502813,2025-03-06 17:03:49.310592+00:00,annotations.add
2119715,69776.0,48232.0,37848.0,5,2025-02-26 13:42:48.856932,2025-02-26 13:42:48.856932,,Postsynaptic,shiyan,shiyan,611525,611525,neuron 611526,69784.0,48200.0,38080.0,0,"['pushed false positives synapses', 'distanced set', 'cube1: pushed fp synapses']",cube1,['distanced set'],adulac,18,18,2502806,2025-03-06 17:03:39.268667+00:00,annotations.add
2119716,68512.0,49032.0,38056.0,5,2025-02-26 13:42:48.953412,2025-02-26 13:42:48.953412,,Postsynaptic,shiyan,shiyan,611529,611529,neuron 611530,68472.0,48912.0,38024.0,0,"['pushed false positives synapses', 'pre correct', 'cube1: pushed fp synapses']",cube1,['pre correct'],adulac,18,18,2502831,2025-03-06 17:04:38.974148+00:00,annotations.add
2119717,66064.0,49456.0,38216.0,5,2025-02-26 13:42:49.045458,2025-02-26 13:42:49.045458,,Postsynaptic,shiyan,shiyan,611533,611533,neuron 611534,66224.0,49504.0,38208.0,0,"['pushed false positives synapses', 'distanced set', 'cube1: pushed fp synapses']",cube1,['distanced set'],adulac,18,18,2502844,2025-03-06 17:05:49.837052+00:00,annotations.add
2119718,66096.0,48688.0,38352.0,5,2025-02-26 13:42:49.147108,2025-02-26 13:42:49.147108,,Postsynaptic,shiyan,shiyan,611537,611537,neuron 611538,66080.0,48824.0,38320.0,0,"['pushed false positives synapses', 'pre correct', 'cube1: pushed fp synapses']",cube1,['pre correct'],adulac,18,18,2502854,2025-03-06 17:06:49.552760+00:00,annotations.add
2119719,66072.0,49480.0,38256.0,5,2025-02-26 13:42:49.240909,2025-02-26 13:42:49.240909,,Postsynaptic,shiyan,shiyan,611541,611541,neuron 611542,66088.0,49392.0,38336.0,0,"['pushed false positives synapses', 'pre correct', 'cube1: pushed fp synapses']",cube1,['pre correct'],adulac,18,18,2502864,2025-03-06 17:07:49.794003+00:00,annotations.add
2119719,66072.0,49480.0,38256.0,5,2025-02-26 13:42:49.240909,2025-02-26 13:42:49.240909,,Postsynaptic,shiyan,shiyan,611541,611541,neuron 611542,66088.0,49392.0,38336.0,0,"['pushed false positives synapses', 'pre correct', 'cube1: pushed fp synapses']",cube1,['pre correct'],mclayton,23,18,2502862,2025-03-06 17:07:48.985866+00:00,annotations.add
2119720,65168.0,49312.0,38048.0,5,2025-02-26 13:42:49.335022,2025-02-26 13:42:49.335022,,Postsynaptic,shiyan,shiyan,611545,611545,neuron 611546,65160.0,49448.0,38008.0,0,"['pushed false positives synapses', 'pre correct', 'cube1: pushed fp synapses']",cube1,['pre correct'],adulac,18,18,2502870,2025-03-06 17:08:17.185981+00:00,annotations.add
2119720,65168.0,49312.0,38048.0,5,2025-02-26 13:42:49.335022,2025-02-26 13:42:49.335022,,Postsynaptic,shiyan,shiyan,611545,611545,neuron 611546,65160.0,49448.0,38008.0,0,"['pushed false positives synapses', 'pre correct', 'cube1: pushed fp synapses']",cube1,['pre correct'],mclayton,23,18,2502868,2025-03-06 17:08:15.136513+00:00,annotations.add
2119721,65152.0,49304.0,38056.0,5,2025-02-26 13:42:49.434094,2025-02-26 13:42:49.434094,,Postsynaptic,shiyan,shiyan,611549,611549,neuron 611550,65248.0,49416.0,38048.0,0,"['pushed false positives synapses', 'pre correct', 'cube1: pushed fp synapses']",cube1,['pre correct'],adulac,18,18,2502877,2025-03-06 17:09:08.729926+00:00,annotations.add
2119722,69512.0,49864.0,38264.0,5,2025-02-26 13:42:49.527083,2025-02-26 13:42:49.527083,,Postsynaptic,shiyan,shiyan,611553,611553,neuron 611554,69512.0,49904.0,38400.0,0,"['pushed false positives synapses', 'distanced set', 'cube1: pushed fp synapses']",cube1,['distanced set'],adulac,18,18,2502897,2025-03-06 17:10:48.583576+00:00,annotations.add
2119723,65432.0,50352.0,38368.0,5,2025-02-26 13:42:49.622233,2025-02-26 13:42:49.622233,,Postsynaptic,shiyan,shiyan,611557,611557,neuron 611558,65560.0,50328.0,38400.0,0,"['pushed false positives synapses', 'pre correct', 'cube1: pushed fp synapses']",cube1,['pre correct'],adulac,18,18,2502906,2025-03-06 17:11:39.681628+00:00,annotations.add
2119724,68288.0,50416.0,38024.0,5,2025-02-26 13:42:49.718217,2025-02-26 13:42:49.718217,,Postsynaptic,shiyan,shiyan,611561,611561,neuron 611562,68184.0,50488.0,38048.0,0,"['pushed false positives synapses', 'wrong set', 'cube1: pushed fp synapses', 'uncertain']",cube1,"['wrong set', 'uncertain']",mclayton,23,18,2502932,2025-03-06 17:14:10.473327+00:00,annotations.add
2119724,68288.0,50416.0,38024.0,5,2025-02-26 13:42:49.718217,2025-02-26 13:42:49.718217,,Postsynaptic,shiyan,shiyan,611561,611561,neuron 611562,68184.0,50488.0,38048.0,0,"['pushed false positives synapses', 'wrong set', 'cube1: pushed fp synapses', 'uncertain']",cube1,"['wrong set', 'uncertain']",adulac,18,18,2502930,2025-03-06 17:13:55.329694+00:00,annotations.add
2119725,67776.0,50376.0,37944.0,5,2025-02-26 13:42:49.808913,2025-02-26 13:42:49.808913,,Postsynaptic,shiyan,shiyan,611565,611565,neuron 611566,67776.0,50448.0,38080.0,0,"['pushed false positives synapses', 'pre correct', 'cube1: pushed fp synapses']",cube1,['pre correct'],mclayton,23,18,2502934,2025-03-06 17:14:39.323024+00:00,annotations.add
2119726,68872.0,51648.0,37904.0,5,2025-02-26 13:42:49.902603,2025-02-26 13:42:49.902603,,Postsynaptic,shiyan,shiyan,611569,611569,neuron 611570,68896.0,51776.0,37816.0,0,"['pushed false positives synapses', 'pre correct', 'distanced set', 'cube1: pushed fp synapses', 'dist']",cube1,"['pre correct', 'distanced set', 'dist']",adulac,18,18,2502945,2025-03-06 17:16:20.970975+00:00,annotations.add
2119726,68872.0,51648.0,37904.0,5,2025-02-26 13:42:49.902603,2025-02-26 13:42:49.902603,,Postsynaptic,shiyan,shiyan,611569,611569,neuron 611570,68896.0,51776.0,37816.0,0,"['pushed false positives synapses', 'pre correct', 'distanced set', 'cube1: pushed fp synapses', 'dist']",cube1,"['pre correct', 'distanced set', 'dist']",mclayton,23,18,2502943,2025-03-06 17:16:13.305649+00:00,annotations.add
2119726,68872.0,51648.0,37904.0,5,2025-02-26 13:42:49.902603,2025-02-26 13:42:49.902603,,Postsynaptic,shiyan,shiyan,611569,611569,neuron 611570,68896.0,51776.0,37816.0,0,"['pushed false positives synapses', 'pre correct', 'distanced set', 'cube1: pushed fp synapses', 'dist']",cube1,"['pre correct', 'distanced set', 'dist']",adulac,18,18,2502940,2025-03-06 17:16:04.672394+00:00,annotations.add
2119727,69104.0,51424.0,37968.0,5,2025-02-26 13:42:49.993910,2025-02-26 13:42:49.993910,,Postsynaptic,shiyan,shiyan,611573,611573,neuron 611574,69184.0,51592.0,37920.0,0,"['pushed false positives synapses', 'distanced set', 'cube1: pushed fp synapses']",cube1,['distanced set'],adulac,18,18,2502949,2025-03-06 17:16:47.379899+00:00,annotations.add
2119728,69128.0,51432.0,38040.0,5,2025-02-26 13:42:50.088391,2025-02-26 13:42:50.088391,,Postsynaptic,shiyan,shiyan,611577,611577,neuron 611578,69208.0,51520.0,38072.0,0,"['pushed false positives synapses', 'distanced set', 'cube1: pushed fp synapses', 'uncertain']",cube1,"['distanced set', 'uncertain']",mclayton,23,18,2502963,2025-03-06 17:18:49.676981+00:00,annotations.add
2119728,69128.0,51432.0,38040.0,5,2025-02-26 13:42:50.088391,2025-02-26 13:42:50.088391,,Postsynaptic,shiyan,shiyan,611577,611577,neuron 611578,69208.0,51520.0,38072.0,0,"['pushed false positives synapses', 'distanced set', 'cube1: pushed fp synapses', 'uncertain']",cube1,"['distanced set', 'uncertain']",adulac,18,18,2502956,2025-03-06 17:18:15.592811+00:00,annotations.add
2119729,69408.0,51992.0,38336.0,5,2025-02-26 13:42:50.178360,2025-02-26 13:42:50.178360,,Postsynaptic,shiyan,shiyan,611581,611581,neuron 611582,69552.0,52088.0,38376.0,0,"['pushed false positives synapses', 'pre correct', 'cube1: pushed fp synapses']",cube1,['pre correct'],mclayton,23,18,2502971,2025-03-06 17:19:17.163451+00:00,annotations.add
2119729,69408.0,51992.0,38336.0,5,2025-02-26 13:42:50.178360,2025-02-26 13:42:50.178360,,Postsynaptic,shiyan,shiyan,611581,611581,neuron 611582,69552.0,52088.0,38376.0,0,"['pushed false positives synapses', 'pre correct', 'cube1: pushed fp synapses']",cube1,['pre correct'],adulac,18,18,2502969,2025-03-06 17:19:11.182985+00:00,annotations.add
2119730,68128.0,51904.0,38456.0,5,2025-02-26 13:42:50.273245,2025-02-26 13:42:50.273245,,Postsynaptic,shiyan,shiyan,611585,611585,neuron 611586,68160.0,52040.0,38384.0,0,"['pushed false positives synapses', 'cube1: pushed fp synapses', 'ad: pre correct']",cube1,['ad: pre correct'],adulac,18,18,2502979,2025-03-06 17:22:39.866400+00:00,annotations.add
2119731,69568.0,47400.0,39160.0,5,2025-02-26 13:42:50.368009,2025-02-26 13:42:50.368009,,Postsynaptic,shiyan,shiyan,611589,611589,neuron 611590,69608.0,47384.0,39208.0,0,"['pushed false positives synapses', 'cube1: pushed fp synapses', 'ad: pre correct']",cube1,['ad: pre correct'],adulac,18,18,2502991,2025-03-06 17:23:31.980953+00:00,annotations.add
2119732,68408.0,47616.0,38696.0,5,2025-02-26 13:42:50.460899,2025-02-26 13:42:50.460899,,Postsynaptic,shiyan,shiyan,611593,611593,neuron 611594,68440.0,47600.0,38848.0,0,"['pushed false positives synapses', 'cube1: pushed fp synapses', 'ad: pre correct']",cube1,['ad: pre correct'],adulac,18,18,2503016,2025-03-06 17:24:26.233978+00:00,annotations.add
2119733,67160.0,47584.0,38656.0,5,2025-02-26 13:42:50.556115,2025-02-26 13:42:50.556115,,Postsynaptic,shiyan,shiyan,611597,611597,neuron 611598,67080.0,47560.0,38536.0,0,"['pushed false positives synapses', 'cube1: pushed fp synapses', 'ad: pre correct']",cube1,['ad: pre correct'],adulac,18,18,2503047,2025-03-06 17:25:43.359966+00:00,annotations.add
2119734,66768.0,47536.0,39120.0,5,2025-02-26 13:42:50.646630,2025-02-26 13:42:50.646630,,Postsynaptic,shiyan,shiyan,611601,611601,neuron 611602,66816.0,47712.0,39136.0,0,"['pushed false positives synapses', 'cube1: pushed fp synapses', 'ad: pre correct']",cube1,['ad: pre correct'],adulac,18,18,2503133,2025-03-06 17:28:41.164672+00:00,annotations.add
2119735,66728.0,47520.0,39136.0,5,2025-02-26 13:42:50.737880,2025-02-26 13:42:50.737880,,Postsynaptic,shiyan,shiyan,611605,611605,neuron 611606,66672.0,47616.0,39096.0,0,"['pushed false positives synapses', 'distanced set', 'cube1: pushed fp synapses']",cube1,['distanced set'],adulac,18,18,2503178,2025-03-06 17:29:56.494638+00:00,annotations.add
2119736,66760.0,47536.0,39128.0,5,2025-02-26 13:42:50.832398,2025-02-26 13:42:50.832398,,Postsynaptic,shiyan,shiyan,611609,611609,neuron 611610,66792.0,47696.0,39144.0,0,"['pushed false positives synapses', 'cube1: pushed fp synapses', 'ad: pre correct']",cube1,['ad: pre correct'],adulac,18,18,2503187,2025-03-06 17:30:32.206718+00:00,annotations.add
2119737,65472.0,47992.0,38560.0,5,2025-02-26 13:42:50.926606,2025-02-26 13:42:50.926606,,Postsynaptic,shiyan,shiyan,611613,611613,neuron 611614,65464.0,47848.0,38544.0,0,"['pushed false positives synapses', 'cube1: pushed fp synapses', 'ad: distanced set']",cube1,['ad: distanced set'],adulac,18,18,2503218,2025-03-06 17:32:04.770325+00:00,annotations.add
2119738,65240.0,47544.0,38720.0,5,2025-02-26 13:42:51.023942,2025-02-26 13:42:51.023942,,Postsynaptic,shiyan,shiyan,611617,611617,neuron 611618,65272.0,47672.0,38624.0,0,"['pushed false positives synapses', 'cube1: pushed fp synapses', 'ad: distanced set']",cube1,['ad: distanced set'],adulac,18,18,2503234,2025-03-06 17:32:37.316079+00:00,annotations.add
2119739,68032.0,48264.0,38808.0,5,2025-02-26 13:42:51.117996,2025-02-26 13:42:51.117996,,Postsynaptic,shiyan,shiyan,611621,611621,neuron 611622,68032.0,48152.0,38840.0,0,"['pushed false positives synapses', 'cube1: pushed fp synapses', 'ad: distanced set']",cube1,['ad: distanced set'],adulac,18,18,2503264,2025-03-06 17:33:29.594016+00:00,annotations.add
2119740,68104.0,48544.0,39016.0,5,2025-02-26 13:42:51.210143,2025-02-26 13:42:51.210143,,Postsynaptic,shiyan,shiyan,611625,611625,neuron 611626,68088.0,48488.0,38968.0,0,"['pushed false positives synapses', 'cube1: pushed fp synapses', 'ad: pre correct']",cube1,['ad: pre correct'],adulac,18,18,2503276,2025-03-06 17:34:04.431245+00:00,annotations.add
2119741,68368.0,48296.0,39072.0,5,2025-02-26 13:42:51.301640,2025-02-26 13:42:51.301640,,Postsynaptic,shiyan,shiyan,611629,611629,neuron 611630,68408.0,48272.0,39224.0,0,"['pushed false positives synapses', 'cube1: pushed fp synapses', 'ad: pre correct']",cube1,['ad: pre correct'],adulac,18,18,2503283,2025-03-06 17:34:39.250815+00:00,annotations.add
2119742,67648.0,48408.0,39040.0,5,2025-02-26 13:42:51.391969,2025-02-26 13:42:51.391969,,Postsynaptic,shiyan,shiyan,611633,611633,neuron 611634,67560.0,48304.0,39040.0,0,"['pushed false positives synapses', 'cube1: pushed fp synapses', 'ad: pre correct']",cube1,['ad: pre correct'],adulac,18,18,2503333,2025-03-06 17:36:33.208080+00:00,annotations.add
2119743,66584.0,48264.0,39128.0,5,2025-02-26 13:42:51.486579,2025-02-26 13:42:51.486579,,Postsynaptic,shiyan,shiyan,611637,611637,neuron 611638,66432.0,48360.0,39064.0,0,"['pushed false positives synapses', 'cube1: pushed fp synapses', 'ad: uncertain']",cube1,['ad: uncertain'],adulac,18,18,2503376,2025-03-06 17:39:28.119149+00:00,annotations.add
2119744,66680.0,48256.0,39248.0,5,2025-02-26 13:42:51.579982,2025-02-26 13:42:51.579982,,Postsynaptic,shiyan,shiyan,611641,611641,neuron 611642,66680.0,48168.0,39200.0,0,"['pushed false positives synapses', 'cube1: pushed fp synapses', 'ad: wrong set']",cube1,['ad: wrong set'],adulac,18,18,2503411,2025-03-06 17:41:48.108546+00:00,annotations.add
2119745,66640.0,48264.0,39240.0,5,2025-02-26 13:42:51.673388,2025-02-26 13:42:51.673388,,Postsynaptic,shiyan,shiyan,611645,611645,neuron 611646,66600.0,48264.0,39216.0,0,"['pushed false positives synapses', 'cube1: pushed fp synapses', 'ad: wrong set']",cube1,['ad: wrong set'],adulac,18,18,2503417,2025-03-06 17:42:30.551912+00:00,annotations.add
2119746,65712.0,48128.0,38736.0,5,2025-02-26 13:42:51.762900,2025-02-26 13:42:51.762900,,Postsynaptic,shiyan,shiyan,611649,611649,neuron 611650,65720.0,47968.0,38784.0,0,"['pushed false positives synapses', 'cube1: pushed fp synapses', 'ad: distanced set']",cube1,['ad: distanced set'],adulac,18,18,2503421,2025-03-06 17:43:19.498676+00:00,annotations.add
2119747,69576.0,49040.0,39344.0,5,2025-02-26 13:42:51.856934,2025-02-26 13:42:51.856934,,Postsynaptic,shiyan,shiyan,611653,611653,neuron 611654,69536.0,49136.0,39168.0,0,"['pushed false positives synapses', 'cube1: pushed fp synapses', 'ad: distanced set']",cube1,['ad: distanced set'],adulac,18,18,2503441,2025-03-06 17:44:25.626517+00:00,annotations.add
2119748,69600.0,49048.0,39352.0,5,2025-02-26 13:42:51.954002,2025-02-26 13:42:51.954002,,Postsynaptic,shiyan,shiyan,611657,611657,neuron 611658,69592.0,49016.0,39216.0,0,"['pushed false positives synapses', 'cube1: pushed fp synapses', 'ad: pre correct']",cube1,['ad: pre correct'],adulac,18,18,2503451,2025-03-06 17:44:55.863731+00:00,annotations.add
2119749,68472.0,48720.0,38536.0,5,2025-02-26 13:42:52.046713,2025-02-26 13:42:52.046713,,Postsynaptic,shiyan,shiyan,611661,611661,neuron 611662,68480.0,48888.0,38488.0,0,"['pushed false positives synapses', 'cube1: pushed fp synapses', 'ad: pre correct']",cube1,['ad: pre correct'],adulac,18,18,2503485,2025-03-06 17:46:24.339961+00:00,annotations.add
2119750,66520.0,49680.0,38464.0,5,2025-02-26 13:42:52.138838,2025-02-26 13:42:52.138838,,Postsynaptic,shiyan,shiyan,611665,611665,neuron 611666,66536.0,49512.0,38408.0,0,"['pushed false positives synapses', 'cube1: pushed fp synapses', 'ad: pre correct']",cube1,['ad: pre correct'],adulac,18,18,2503501,2025-03-06 17:47:18.145681+00:00,annotations.add
2119751,65904.0,49368.0,38544.0,5,2025-02-26 13:42:52.237502,2025-02-26 13:42:52.237502,,Postsynaptic,shiyan,shiyan,611669,611669,neuron 611670,65928.0,49360.0,38496.0,0,"['pushed false positives synapses', 'cube1: pushed fp synapses', 'ad: wrong set']",cube1,['ad: wrong set'],adulac,18,18,2503516,2025-03-06 17:48:46.339300+00:00,annotations.add
2119752,69512.0,49848.0,38272.0,5,2025-02-26 13:42:52.330327,2025-02-26 13:42:52.330327,,Postsynaptic,shiyan,shiyan,611673,611673,neuron 611674,69520.0,49896.0,38408.0,0,"['pushed false positives synapses', 'cube1: pushed fp synapses', 'ad: distanced set']",cube1,['ad: distanced set'],adulac,18,18,2503525,2025-03-06 17:49:30.831826+00:00,annotations.add
2119753,69104.0,49536.0,38664.0,5,2025-02-26 13:42:52.424021,2025-02-26 13:42:52.424021,,Postsynaptic,shiyan,shiyan,611677,611677,neuron 611678,69128.0,49744.0,38664.0,0,"['pushed false positives synapses', 'cube1: pushed fp synapses', 'ad: distanced set']",cube1,['ad: distanced set'],adulac,18,18,2503536,2025-03-06 17:50:37.376305+00:00,annotations.add
2119754,68552.0,49592.0,39280.0,5,2025-02-26 13:42:52.517733,2025-02-26 13:42:52.517733,,Postsynaptic,shiyan,shiyan,611681,611681,neuron 611682,68464.0,49624.0,39168.0,0,"['pushed false positives synapses', 'cube1: pushed fp synapses', 'ad: pre correct']",cube1,['ad: pre correct'],adulac,18,18,2503545,2025-03-06 17:51:10.649279+00:00,annotations.add
2119755,68592.0,49608.0,39232.0,5,2025-02-26 13:42:52.608904,2025-02-26 13:42:52.608904,,Postsynaptic,shiyan,shiyan,611685,611685,neuron 611686,68640.0,49792.0,39232.0,0,"['pushed false positives synapses', 'cube1: pushed fp synapses', 'ad: distanced set']",cube1,['ad: distanced set'],adulac,18,18,2503582,2025-03-06 17:52:24.853527+00:00,annotations.add
2119756,68560.0,49560.0,39248.0,5,2025-02-26 13:42:52.701117,2025-02-26 13:42:52.701117,,Postsynaptic,shiyan,shiyan,611689,611689,neuron 611690,68528.0,49768.0,39232.0,0,"['pushed false positives synapses', 'cube1: pushed fp synapses', 'ad: distanced set']",cube1,['ad: distanced set'],adulac,18,18,2503592,2025-03-06 17:52:48.009067+00:00,annotations.add
2119757,68544.0,49592.0,39272.0,5,2025-02-26 13:42:52.799112,2025-02-26 13:42:52.799112,,Postsynaptic,shiyan,shiyan,611693,611693,neuron 611694,68456.0,49608.0,39184.0,0,"['pushed false positives synapses', 'cube1: pushed fp synapses', 'ad: pre correct']",cube1,['ad: pre correct'],adulac,18,18,2503615,2025-03-06 17:53:43.538029+00:00,annotations.add
2119758,66912.0,50280.0,38696.0,5,2025-02-26 13:42:52.891367,2025-02-26 13:42:52.891367,,Postsynaptic,shiyan,shiyan,611697,611697,neuron 611698,66872.0,50176.0,38648.0,0,"['pushed false positives synapses', 'cube1: pushed fp synapses', 'ad: pre correct']",cube1,['ad: pre correct'],adulac,18,18,2503626,2025-03-06 17:54:04.826289+00:00,annotations.add
2119759,67184.0,50216.0,38712.0,5,2025-02-26 13:42:52.993094,2025-02-26 13:42:52.993094,,Postsynaptic,shiyan,shiyan,611701,611701,neuron 611702,67216.0,50344.0,38744.0,0,"['pushed false positives synapses', 'cube1: pushed fp synapses', 'ad: distanced set']",cube1,['ad: distanced set'],adulac,18,18,2503642,2025-03-06 17:55:05.581471+00:00,annotations.add
2119760,67104.0,49736.0,38744.0,5,2025-02-26 13:42:53.087690,2025-02-26 13:42:53.087690,,Postsynaptic,shiyan,shiyan,611705,611705,neuron 611706,67128.0,49584.0,38792.0,0,"['pushed false positives synapses', 'cube1: pushed fp synapses', 'ad: distanced set']",cube1,['ad: distanced set'],adulac,18,18,2503658,2025-03-06 17:55:41.607272+00:00,annotations.add
2119761,66920.0,50264.0,38704.0,5,2025-02-26 13:42:53.178772,2025-02-26 13:42:53.178772,,Postsynaptic,shiyan,shiyan,611709,611709,neuron 611710,66792.0,50240.0,38664.0,0,"['pushed false positives synapses', 'cube1: pushed fp synapses', 'ad: pre correct']",cube1,['ad: pre correct'],adulac,18,18,2503689,2025-03-06 17:56:27.566815+00:00,annotations.add
2119762,66240.0,49512.0,39200.0,5,2025-02-26 13:42:53.274078,2025-02-26 13:42:53.274078,,Postsynaptic,shiyan,shiyan,611713,611713,neuron 611714,66336.0,49640.0,39216.0,0,"['pushed false positives synapses', 'cube1: pushed fp synapses', 'ad: pre correct']",cube1,['ad: pre correct'],adulac,18,18,2503710,2025-03-06 17:57:08.292026+00:00,annotations.add
2119763,65728.0,49816.0,38704.0,5,2025-02-26 13:42:53.363566,2025-02-26 13:42:53.363566,,Postsynaptic,shiyan,shiyan,611717,611717,neuron 611718,65840.0,49704.0,38600.0,0,"['pushed false positives synapses', 'cube1: pushed fp synapses', 'ad: distanced set']",cube1,['ad: distanced set'],adulac,18,18,2503722,2025-03-06 17:57:45.163988+00:00,annotations.add
2119764,65336.0,50072.0,38728.0,5,2025-02-26 13:42:53.457374,2025-02-26 13:42:53.457374,,Postsynaptic,shiyan,shiyan,611721,611721,neuron 611722,65336.0,50064.0,38600.0,0,"['pushed false positives synapses', 'cube1: pushed fp synapses', 'ad: pre correct']",cube1,['ad: pre correct'],adulac,18,18,2503729,2025-03-06 17:58:18.781472+00:00,annotations.add
2119765,68944.0,50720.0,38824.0,5,2025-02-26 13:42:53.550563,2025-02-26 13:42:53.550563,,Postsynaptic,shiyan,shiyan,611725,611725,neuron 611726,69008.0,50552.0,38848.0,0,"['pushed false positives synapses', 'cube1: pushed fp synapses', 'ad: pre correct']",cube1,['ad: pre correct'],adulac,18,18,2503741,2025-03-06 17:59:10.989007+00:00,annotations.add
2119766,68960.0,50704.0,38840.0,5,2025-02-26 13:42:53.647032,2025-02-26 13:42:53.647032,,Postsynaptic,shiyan,shiyan,611729,611729,neuron 611730,68992.0,50744.0,38968.0,0,"['pushed false positives synapses', 'cube1: pushed fp synapses', 'ad: pre correct']",cube1,['ad: pre correct'],adulac,18,18,2503829,2025-03-06 18:32:51.215982+00:00,annotations.add
2119767,69104.0,50776.0,39240.0,5,2025-02-26 13:42:53.740867,2025-02-26 13:42:53.740867,,Postsynaptic,shiyan,shiyan,611733,611733,neuron 611734,69120.0,50800.0,39104.0,0,"['pushed false positives synapses', 'cube1: pushed fp synapses', 'ad: pre correct']",cube1,['ad: pre correct'],adulac,18,18,2503836,2025-03-06 18:33:24.134826+00:00,annotations.add
2119768,68776.0,50560.0,39368.0,5,2025-02-26 13:42:53.842190,2025-02-26 13:42:53.842190,,Postsynaptic,shiyan,shiyan,611737,611737,neuron 611738,68768.0,50520.0,39224.0,0,"['pushed false positives synapses', 'cube1: pushed fp synapses', 'ad: distanced set']",cube1,['ad: distanced set'],adulac,18,18,2503841,2025-03-06 18:33:53.845824+00:00,annotations.add
2119769,69096.0,50760.0,39248.0,5,2025-02-26 13:42:53.939897,2025-02-26 13:42:53.939897,,Postsynaptic,shiyan,shiyan,611741,611741,neuron 611742,69136.0,50888.0,39208.0,0,"['pushed false positives synapses', 'cube1: pushed fp synapses', 'ad: pre correct']",cube1,['ad: pre correct'],adulac,18,18,2503848,2025-03-06 18:34:38.538873+00:00,annotations.add
2119770,69096.0,50776.0,39256.0,5,2025-02-26 13:42:54.034350,2025-02-26 13:42:54.034350,,Postsynaptic,shiyan,shiyan,611745,611745,neuron 611746,69208.0,50744.0,39224.0,0,"['pushed false positives synapses', 'cube1: pushed fp synapses', 'ad: distanced set']",cube1,['ad: distanced set'],adulac,18,18,2503857,2025-03-06 18:35:25.026978+00:00,annotations.add
2119771,68344.0,50480.0,39056.0,5,2025-02-26 13:42:54.130994,2025-02-26 13:42:54.130994,,Postsynaptic,shiyan,shiyan,611749,611749,neuron 611750,68368.0,50784.0,38984.0,0,"['pushed false positives synapses', 'cube1: pushed fp synapses', 'ad: distanced set']",cube1,['ad: distanced set'],adulac,18,18,2503865,2025-03-06 18:36:09.007787+00:00,annotations.add
2119772,68352.0,50520.0,39024.0,5,2025-02-26 13:42:54.223739,2025-02-26 13:42:54.223739,,Postsynaptic,shiyan,shiyan,611753,611753,neuron 611754,68456.0,50672.0,39048.0,0,"['pushed false positives synapses', 'cube1: pushed fp synapses', 'ad: pre correct']",cube1,['ad: pre correct'],adulac,18,18,2503878,2025-03-06 18:37:03.165667+00:00,annotations.add
2119773,65136.0,50392.0,39072.0,5,2025-02-26 13:42:54.315383,2025-02-26 13:42:54.315383,,Postsynaptic,shiyan,shiyan,611757,611757,neuron 611758,65192.0,50584.0,39136.0,0,"['pushed false positives synapses', 'cube1: pushed fp synapses', 'ad: uncertain']",cube1,['ad: uncertain'],adulac,18,18,2503883,2025-03-06 18:37:36.101894+00:00,annotations.add
2119774,65128.0,50408.0,39048.0,5,2025-02-26 13:42:54.410140,2025-02-26 13:42:54.410140,,Postsynaptic,shiyan,shiyan,611761,611761,neuron 611762,65200.0,50408.0,39224.0,0,"['pushed false positives synapses', 'cube1: pushed fp synapses', 'ad: pre correct']",cube1,['ad: pre correct'],adulac,18,18,2503890,2025-03-06 18:38:26.217619+00:00,annotations.add
2119775,65120.0,50384.0,39064.0,5,2025-02-26 13:42:54.502502,2025-02-26 13:42:54.502502,,Postsynaptic,shiyan,shiyan,611765,611765,neuron 611766,65072.0,50568.0,39072.0,0,"['pushed false positives synapses', 'cube1: pushed fp synapses', 'ad: wrong set']",cube1,['ad: wrong set'],adulac,18,18,2503912,2025-03-06 18:40:09.182610+00:00,annotations.add
2119776,69392.0,52024.0,38320.0,5,2025-02-26 13:42:54.593291,2025-02-26 13:42:54.593291,,Postsynaptic,shiyan,shiyan,611769,611769,neuron 611770,69504.0,52008.0,38432.0,0,"['pushed false positives synapses', 'cube1: pushed fp synapses', 'ad: distanced set']",cube1,['ad: distanced set'],adulac,18,18,2503919,2025-03-06 18:40:42.721656+00:00,annotations.add
2119777,68912.0,51896.0,38832.0,5,2025-02-26 13:42:54.684819,2025-02-26 13:42:54.684819,,Postsynaptic,shiyan,shiyan,611773,611773,neuron 611774,68832.0,51944.0,38864.0,0,"['pushed false positives synapses', 'cube1: pushed fp synapses', 'ad: pre correct']",cube1,['ad: pre correct'],adulac,18,18,2503928,2025-03-06 18:41:21.100063+00:00,annotations.add
2119778,68904.0,51904.0,38824.0,5,2025-02-26 13:42:54.781971,2025-02-26 13:42:54.781971,,Postsynaptic,shiyan,shiyan,611777,611777,neuron 611778,68928.0,51912.0,38936.0,0,"['pushed false positives synapses', 'cube1: pushed fp synapses', 'ad: pre correct']",cube1,['ad: pre correct'],adulac,18,18,2503932,2025-03-06 18:41:54.560065+00:00,annotations.add
2119779,68936.0,51472.0,39264.0,5,2025-02-26 13:42:54.876853,2025-02-26 13:42:54.876853,,Postsynaptic,shiyan,shiyan,611781,611781,neuron 611782,68872.0,51352.0,39232.0,0,"['pushed false positives synapses', 'cube1: pushed fp synapses', 'ad: pre correct']",cube1,['ad: pre correct'],adulac,18,18,2503939,2025-03-06 18:42:25.198162+00:00,annotations.add
2119780,68120.0,51936.0,38448.0,5,2025-02-26 13:42:54.969347,2025-02-26 13:42:54.969347,,Postsynaptic,shiyan,shiyan,611785,611785,neuron 611786,68232.0,52008.0,38440.0,0,"['pushed false positives synapses', 'cube1: pushed fp synapses', 'ad: pre correct']",cube1,['ad: pre correct'],adulac,18,18,2503944,2025-03-06 18:42:49.060709+00:00,annotations.add
2119781,67576.0,51688.0,38864.0,5,2025-02-26 13:42:55.059647,2025-02-26 13:42:55.059647,,Postsynaptic,shiyan,shiyan,611789,611789,neuron 611790,67720.0,51768.0,38848.0,0,"['pushed false positives synapses', 'cube1: pushed fp synapses', 'ad: pre correct']",cube1,['ad: pre correct'],adulac,18,18,2503949,2025-03-06 18:43:14.492629+00:00,annotations.add
2119782,67584.0,51728.0,38872.0,5,2025-02-26 13:42:55.151793,2025-02-26 13:42:55.151793,,Postsynaptic,shiyan,shiyan,611793,611793,neuron 611794,67704.0,51608.0,38864.0,0,"['pushed false positives synapses', 'cube1: pushed fp synapses', 'ad: pre correct']",cube1,['ad: pre correct'],adulac,18,18,2503956,2025-03-06 18:43:43.388041+00:00,annotations.add
2119783,67944.0,51704.0,39136.0,5,2025-02-26 13:42:55.246297,2025-02-26 13:42:55.246297,,Postsynaptic,shiyan,shiyan,611797,611797,neuron 611798,67848.0,51840.0,39144.0,0,"['pushed false positives synapses', 'cube1: pushed fp synapses', 'ad: pre correct']",cube1,['ad: pre correct'],adulac,18,18,2503968,2025-03-06 18:44:20.799752+00:00,annotations.add
2119884,69808.0,51400.0,41728.0,5,2025-02-26 13:43:04.745513,2025-02-26 13:43:04.745513,,Postsynaptic,shiyan,shiyan,612209,612209,neuron 612210,69800.0,51504.0,41520.0,0,"['pushed false positives synapses', 'cube1: pushed fp synapses', 'mc: distance set']",cube1,['mc: distance set'],mclayton,23,18,2503984,2025-03-06 18:46:09.574042+00:00,annotations.add
2119885,69616.0,51520.0,41552.0,5,2025-02-26 13:43:04.835822,2025-02-26 13:43:04.835822,,Postsynaptic,shiyan,shiyan,612213,612213,neuron 612214,69624.0,51752.0,41544.0,0,"['pushed false positives synapses', 'cube1: pushed fp synapses', 'mc: unknown']",cube1,['mc: unknown'],mclayton,23,18,2503972,2025-03-06 18:44:59.887380+00:00,annotations.add
2119886,69832.0,51432.0,41720.0,5,2025-02-26 13:43:04.932876,2025-02-26 13:43:04.932876,,Postsynaptic,shiyan,shiyan,612217,612217,neuron 612218,69744.0,51408.0,41592.0,0,"['pushed false positives synapses', 'cube1: pushed fp synapses', 'mc: distance set']",cube1,['mc: distance set'],mclayton,23,18,2503951,2025-03-06 18:43:26.485647+00:00,annotations.add
2119887,69800.0,51416.0,41688.0,5,2025-02-26 13:43:05.023284,2025-02-26 13:43:05.023284,,Postsynaptic,shiyan,shiyan,612221,612221,neuron 612222,69616.0,51408.0,41664.0,0,"['pushed false positives synapses', 'cube1: pushed fp synapses', 'mc: distance set']",cube1,['mc: distance set'],mclayton,23,18,2503937,2025-03-06 18:42:24.254451+00:00,annotations.add
2119888,66128.0,51752.0,41480.0,5,2025-02-26 13:43:05.111817,2025-02-26 13:43:05.111817,,Postsynaptic,shiyan,shiyan,612225,612225,neuron 612226,66000.0,51744.0,41392.0,0,"['pushed false positives synapses', 'cube1: pushed fp synapses', 'mc: pre correct']",cube1,['mc: pre correct'],mclayton,23,18,2503930,2025-03-06 18:41:50.896060+00:00,annotations.add
2119889,66128.0,51736.0,41472.0,5,2025-02-26 13:43:05.201696,2025-02-26 13:43:05.201696,,Postsynaptic,shiyan,shiyan,612229,612229,neuron 612230,66000.0,51784.0,41480.0,0,"['pushed false positives synapses', 'cube1: pushed fp synapses', 'mc: pre correct']",cube1,['mc: pre correct'],mclayton,23,18,2503926,2025-03-06 18:41:16.702913+00:00,annotations.add
2119890,67816.0,51976.0,41560.0,5,2025-02-26 13:43:05.297251,2025-02-26 13:43:05.297251,,Postsynaptic,shiyan,shiyan,612233,612233,neuron 612234,67840.0,52096.0,41728.0,0,"['pushed false positives synapses', 'cube1: pushed fp synapses', 'mc: wrong set']",cube1,['mc: wrong set'],mclayton,23,18,2503921,2025-03-06 18:40:53.121333+00:00,annotations.add
2119891,65000.0,52000.0,41184.0,5,2025-02-26 13:43:05.385439,2025-02-26 13:43:05.385439,,Postsynaptic,shiyan,shiyan,612237,612237,neuron 612238,65120.0,52168.0,41056.0,0,"['pushed false positives synapses', 'cube1: pushed fp synapses', 'mc: distance set']",cube1,['mc: distance set'],mclayton,23,18,2503914,2025-03-06 18:40:25.381943+00:00,annotations.add
2119892,67832.0,48000.0,41848.0,5,2025-02-26 13:43:05.476990,2025-02-26 13:43:05.476990,,Postsynaptic,shiyan,shiyan,612241,612241,neuron 612242,67840.0,47832.0,41816.0,0,"['pushed false positives synapses', 'cube1: pushed fp synapses', 'mc: pre correct']",cube1,['mc: pre correct'],mclayton,23,18,2503905,2025-03-06 18:39:36.263866+00:00,annotations.add
2119893,67824.0,48024.0,41864.0,5,2025-02-26 13:43:05.568558,2025-02-26 13:43:05.568558,,Postsynaptic,shiyan,shiyan,612245,612245,neuron 612246,67904.0,47848.0,41872.0,0,"['pushed false positives synapses', 'cube1: pushed fp synapses', 'mc: distance set']",cube1,['mc: distance set'],mclayton,23,18,2503900,2025-03-06 18:39:02.927748+00:00,annotations.add
2119894,67536.0,47704.0,41792.0,5,2025-02-26 13:43:05.657967,2025-02-26 13:43:05.657967,,Postsynaptic,shiyan,shiyan,612249,612249,neuron 612250,67408.0,47752.0,41824.0,0,"['pushed false positives synapses', 'cube1: pushed fp synapses', 'mc: distance set']",cube1,['mc: distance set'],mclayton,23,18,2503895,2025-03-06 18:38:37.547750+00:00,annotations.add
2119895,67552.0,47712.0,41784.0,5,2025-02-26 13:43:05.751518,2025-02-26 13:43:05.751518,,Postsynaptic,shiyan,shiyan,612253,612253,neuron 612254,67576.0,47776.0,41888.0,0,"['pushed false positives synapses', 'cube1: pushed fp synapses', 'mc: pre correct']",cube1,['mc: pre correct'],mclayton,23,18,2503888,2025-03-06 18:37:39.353795+00:00,annotations.add
2119896,69376.0,48200.0,41768.0,5,2025-02-26 13:43:05.845456,2025-02-26 13:43:05.845456,,Postsynaptic,shiyan,shiyan,612257,612257,neuron 612258,69472.0,48352.0,41784.0,0,"['pushed false positives synapses', 'cube1: pushed fp synapses', 'mc: distance set']",cube1,['mc: distance set'],mclayton,23,18,2503881,2025-03-06 18:37:18.246794+00:00,annotations.add
2119897,69392.0,48208.0,41768.0,5,2025-02-26 13:43:05.935115,2025-02-26 13:43:05.935115,,Postsynaptic,shiyan,shiyan,612261,612261,neuron 612262,69408.0,48208.0,41864.0,0,"['pushed false positives synapses', 'cube1: pushed fp synapses', 'mc: distance set']",cube1,['mc: distance set'],mclayton,23,18,2503846,2025-03-06 18:34:36.869369+00:00,annotations.add
2119898,67832.0,48016.0,41856.0,5,2025-02-26 13:43:06.027758,2025-02-26 13:43:06.027758,,Postsynaptic,shiyan,shiyan,612265,612265,neuron 612266,67896.0,47856.0,41872.0,0,"['pushed false positives synapses', 'cube1: pushed fp synapses', 'mc: distance set']",cube1,['mc: distance set'],mclayton,23,18,2503834,2025-03-06 18:33:19.182657+00:00,annotations.add
2119899,67832.0,48016.0,41864.0,5,2025-02-26 13:43:06.123456,2025-02-26 13:43:06.123456,,Postsynaptic,shiyan,shiyan,612269,612269,neuron 612270,67848.0,47936.0,41936.0,0,"['pushed false positives synapses', 'cube1: pushed fp synapses', 'mc: distance set']",cube1,['mc: distance set'],mclayton,23,18,2503733,2025-03-06 17:58:28.806696+00:00,annotations.add
2119900,67552.0,47696.0,41792.0,5,2025-02-26 13:43:06.216326,2025-02-26 13:43:06.216326,,Postsynaptic,shiyan,shiyan,612273,612273,neuron 612274,67584.0,47872.0,41816.0,0,"['pushed false positives synapses', 'cube1: pushed fp synapses', 'mc: wrong set']",cube1,['mc: wrong set'],mclayton,23,18,2503718,2025-03-06 17:57:26.150069+00:00,annotations.add
2119901,68880.0,49216.0,42032.0,5,2025-02-26 13:43:06.310788,2025-02-26 13:43:06.310788,,Postsynaptic,shiyan,shiyan,612277,612277,neuron 612278,68768.0,49064.0,42040.0,0,"['pushed false positives synapses', 'cube1: pushed fp synapses', 'mc: wrong set']",cube1,['mc: wrong set'],mclayton,23,18,2503691,2025-03-06 17:56:27.866507+00:00,annotations.add
2119902,68232.0,48856.0,41728.0,5,2025-02-26 13:43:06.406243,2025-02-26 13:43:06.406243,,Postsynaptic,shiyan,shiyan,612281,612281,neuron 612282,68176.0,48720.0,41768.0,0,"['pushed false positives synapses', 'cube1: pushed fp synapses', 'mc: distance set']",cube1,['mc: distance set'],mclayton,23,18,2503672,2025-03-06 17:55:57.705752+00:00,annotations.add
2119903,68232.0,48848.0,41728.0,5,2025-02-26 13:43:06.494099,2025-02-26 13:43:06.494099,,Postsynaptic,shiyan,shiyan,612285,612285,neuron 612286,68272.0,48752.0,41824.0,0,"['pushed false positives synapses', 'cube1: pushed fp synapses', 'mc: pre correct']",cube1,['mc: pre correct'],mclayton,23,18,2503652,2025-03-06 17:55:23.000863+00:00,annotations.add
2119904,67816.0,49280.0,41992.0,5,2025-02-26 13:43:06.588251,2025-02-26 13:43:06.588251,,Postsynaptic,shiyan,shiyan,612289,612289,neuron 612290,67832.0,49328.0,41880.0,0,"['pushed false positives synapses', 'cube1: pushed fp synapses', 'mc: pre correct']",cube1,['mc: pre correct'],mclayton,23,18,2503640,2025-03-06 17:55:00.388908+00:00,annotations.add
2119905,68824.0,50208.0,41952.0,5,2025-02-26 13:43:06.681341,2025-02-26 13:43:06.681341,,Postsynaptic,shiyan,shiyan,612293,612293,neuron 612294,68800.0,50160.0,41864.0,0,"['pushed false positives synapses', 'cube1: pushed fp synapses', 'mc: unknown']",cube1,['mc: unknown'],mclayton,23,18,2503624,2025-03-06 17:54:03.898512+00:00,annotations.add
2119906,68776.0,50208.0,41952.0,5,2025-02-26 13:43:06.774464,2025-02-26 13:43:06.774464,,Postsynaptic,shiyan,shiyan,612297,612297,neuron 612298,68712.0,50248.0,41808.0,0,"['pushed false positives synapses', 'cube1: pushed fp synapses', 'mc: distance set']",cube1,['mc: distance set'],mclayton,23,18,2503584,2025-03-06 17:52:30.313962+00:00,annotations.add
2119907,65320.0,49984.0,42096.0,5,2025-02-26 13:43:06.865713,2025-02-26 13:43:06.865713,,Postsynaptic,shiyan,shiyan,612301,612301,neuron 612302,65192.0,50016.0,42064.0,0,"['pushed false positives synapses', 'cube1: pushed fp synapses', 'mc: pre correct']",cube1,['mc: pre correct'],mclayton,23,18,2503547,2025-03-06 17:51:13.300457+00:00,annotations.add
2119908,69400.0,50912.0,41984.0,5,2025-02-26 13:43:06.963534,2025-02-26 13:43:06.963534,,Postsynaptic,shiyan,shiyan,612305,612305,neuron 612306,69400.0,50904.0,41856.0,0,"['pushed false positives synapses', 'cube1: pushed fp synapses', 'mc: distance set']",cube1,['mc: distance set'],mclayton,23,18,2503520,2025-03-06 17:49:00.682074+00:00,annotations.add
2119909,69392.0,50896.0,41976.0,5,2025-02-26 13:43:07.056472,2025-02-26 13:43:07.056472,,Postsynaptic,shiyan,shiyan,612309,612309,neuron 612310,69360.0,51008.0,41928.0,0,"['pushed false positives synapses', 'cube1: pushed fp synapses', 'mc: pre correct']",cube1,['mc: pre correct'],mclayton,23,18,2503490,2025-03-06 17:46:28.401288+00:00,annotations.add
2119910,68720.0,50576.0,41768.0,5,2025-02-26 13:43:07.148394,2025-02-26 13:43:07.148394,,Postsynaptic,shiyan,shiyan,612313,612313,neuron 612314,68752.0,50672.0,41848.0,0,"['pushed false positives synapses', 'cube1: pushed fp synapses', 'mc: pre correct']",cube1,['mc: pre correct'],mclayton,23,18,2503465,2025-03-06 17:45:40.920396+00:00,annotations.add
2119911,69360.0,51408.0,41848.0,5,2025-02-26 13:43:07.239014,2025-02-26 13:43:07.239014,,Postsynaptic,shiyan,shiyan,612317,612317,neuron 612318,69336.0,51456.0,41760.0,0,"['pushed false positives synapses', 'cube1: pushed fp synapses', 'mc: distance set']",cube1,['mc: distance set'],mclayton,23,18,2503419,2025-03-06 17:43:12.398993+00:00,annotations.add
2119912,69816.0,51368.0,41680.0,5,2025-02-26 13:43:07.325833,2025-02-26 13:43:07.325833,,Postsynaptic,shiyan,shiyan,612321,612321,neuron 612322,69752.0,51552.0,41736.0,0,"['pushed false positives synapses', 'cube1: pushed fp synapses', 'mc: distance set']",cube1,['mc: distance set'],mclayton,23,18,2503409,2025-03-06 17:41:38.463272+00:00,annotations.add
2119913,69352.0,51400.0,41848.0,5,2025-02-26 13:43:07.425128,2025-02-26 13:43:07.425128,,Postsynaptic,shiyan,shiyan,612325,612325,neuron 612326,69392.0,51488.0,41824.0,0,"['pushed false positives synapses', 'cube1: pushed fp synapses', 'mc: unknown']",cube1,['mc: unknown'],mclayton,23,18,2503404,2025-03-06 17:41:09.297568+00:00,annotations.add
2119914,69640.0,51848.0,41952.0,5,2025-02-26 13:43:07.517217,2025-02-26 13:43:07.517217,,Postsynaptic,shiyan,shiyan,612329,612329,neuron 612330,69800.0,51720.0,41944.0,0,"['pushed false positives synapses', 'cube1: pushed fp synapses', 'mc: distance set']",cube1,['mc: distance set'],mclayton,23,18,2503388,2025-03-06 17:40:02.651028+00:00,annotations.add
2119915,69608.0,51832.0,41992.0,5,2025-02-26 13:43:07.606314,2025-02-26 13:43:07.606314,,Postsynaptic,shiyan,shiyan,612333,612333,neuron 612334,69552.0,51776.0,42048.0,0,"['pushed false positives synapses', 'cube1: pushed fp synapses', 'mc: distance set']",cube1,['mc: distance set'],mclayton,23,18,2503373,2025-03-06 17:39:23.988184+00:00,annotations.add
2119916,66952.0,51568.0,41920.0,5,2025-02-26 13:43:07.694203,2025-02-26 13:43:07.694203,,Postsynaptic,shiyan,shiyan,612337,612337,neuron 612338,66944.0,51448.0,41872.0,0,"['pushed false positives synapses', 'cube1: pushed fp synapses', 'mc: pre correct']",cube1,['mc: pre correct'],mclayton,23,18,2503357,2025-03-06 17:38:25.881757+00:00,annotations.add
2119917,66944.0,51544.0,41920.0,5,2025-02-26 13:43:07.789360,2025-02-26 13:43:07.789360,,Postsynaptic,shiyan,shiyan,612341,612341,neuron 612342,67088.0,51568.0,41888.0,0,"['pushed false positives synapses', 'cube1: pushed fp synapses', 'mc: pre correct']",cube1,['mc: pre correct'],mclayton,23,18,2503348,2025-03-06 17:37:15.420062+00:00,annotations.add
2119918,66376.0,51704.0,41984.0,5,2025-02-26 13:43:07.882817,2025-02-26 13:43:07.882817,,Postsynaptic,shiyan,shiyan,612345,612345,neuron 612346,66272.0,51712.0,42080.0,0,"['pushed false positives synapses', 'cube1: pushed fp synapses', 'mc: wrong set']",cube1,['mc: wrong set'],mclayton,23,18,2503321,2025-03-06 17:36:19.248921+00:00,annotations.add
2119919,65712.0,51464.0,41952.0,5,2025-02-26 13:43:07.975596,2025-02-26 13:43:07.975596,,Postsynaptic,shiyan,shiyan,612349,612349,neuron 612350,65600.0,51520.0,41920.0,0,"['pushed false positives synapses', 'cube1: pushed fp synapses', 'mc: pre correct']",cube1,['mc: pre correct'],mclayton,23,18,2503255,2025-03-06 17:33:10.934784+00:00,annotations.add
2119920,65728.0,51480.0,41944.0,5,2025-02-26 13:43:08.068869,2025-02-26 13:43:08.068869,,Postsynaptic,shiyan,shiyan,612353,612353,neuron 612354,65592.0,51400.0,41952.0,0,"['pushed false positives synapses', 'cube1: pushed fp synapses', 'mc: pre correct']",cube1,['mc: pre correct'],mclayton,23,18,2503240,2025-03-06 17:32:45.278293+00:00,annotations.add
2119921,65728.0,51496.0,41944.0,5,2025-02-26 13:43:08.158772,2025-02-26 13:43:08.158772,,Postsynaptic,shiyan,shiyan,612357,612357,neuron 612358,65744.0,51336.0,41928.0,0,"['pushed false positives synapses', 'cube1: pushed fp synapses', 'mc: unknown']",cube1,['mc: unknown'],mclayton,23,18,2503224,2025-03-06 17:32:16.267447+00:00,annotations.add
2119922,67432.0,52088.0,42040.0,5,2025-02-26 13:43:08.245989,2025-02-26 13:43:08.245989,,Postsynaptic,shiyan,shiyan,612361,612361,neuron 612362,67544.0,52096.0,41856.0,0,"['pushed false positives synapses', 'cube1: pushed fp synapses', 'mc: pre correct']",cube1,['mc: pre correct'],mclayton,23,18,2503064,2025-03-06 17:26:32.020520+00:00,annotations.add
2119923,67440.0,52064.0,42008.0,5,2025-02-26 13:43:08.341892,2025-02-26 13:43:08.341892,,Postsynaptic,shiyan,shiyan,612365,612365,neuron 612366,67552.0,52112.0,42008.0,0,"['pushed false positives synapses', 'cube1: pushed fp synapses', 'mc: pre correct']",cube1,['mc: pre correct'],mclayton,23,18,2503034,2025-03-06 17:25:02.779415+00:00,annotations.add
